page_size,impl,request_index,sql_statements,latency_ms,status_code
10,naive,0,12,162.603,200
10,naive,1,12,16.895,200
10,naive,2,12,16.505,200
10,naive,3,12,16.135,200
10,naive,4,12,17.892,200
10,naive,5,12,15.64,200
10,naive,6,12,22.311,200
10,naive,7,12,37.384,200
10,naive,8,12,16.56,200
10,naive,9,12,54.137,200
10,naive,10,12,36.021,200
10,naive,11,12,57.561,200
10,naive,12,12,39.041,200
10,naive,13,12,64.824,200
10,naive,14,12,78.105,200
10,naive,15,12,56.442,200
10,naive,16,12,47.851,200
10,naive,17,12,94.882,200
10,naive,18,12,21.078,200
10,naive,19,12,22.011,200
10,naive,20,12,37.269,200
10,naive,21,12,24.596,200
10,naive,22,12,28.705,200
10,naive,23,12,32.419,200
10,naive,24,12,32.952,200
10,naive,25,12,27.101,200
10,naive,26,12,23.455,200
10,naive,27,12,25.459,200
10,naive,28,12,21.829,200
10,naive,29,12,20.603,200
10,fixed,0,3,25.636,200
10,fixed,1,3,15.916,200
10,fixed,2,3,29.753,200
10,fixed,3,3,27.133,200
10,fixed,4,3,24.382,200
10,fixed,5,3,17.567,200
10,fixed,6,3,19.485,200
10,fixed,7,3,16.558,200
10,fixed,8,3,13.623,200
10,fixed,9,3,17.452,200
10,fixed,10,3,16.334,200
10,fixed,11,3,16.241,200
10,fixed,12,3,21.013,200
10,fixed,13,3,17.656,200
10,fixed,14,3,12.333,200
10,fixed,15,3,570.703,200
10,fixed,16,3,11.937,200
10,fixed,17,3,11.429,200
10,fixed,18,3,9.987,200
10,fixed,19,3,10.288,200
10,fixed,20,3,13.408,200
10,fixed,21,3,12.891,200
10,fixed,22,3,10.213,200
10,fixed,23,3,10.221,200
10,fixed,24,3,12.46,200
10,fixed,25,3,10.098,200
10,fixed,26,3,9.346,200
10,fixed,27,3,9.564,200
10,fixed,28,3,12.081,200
10,fixed,29,3,12.049,200
50,naive,0,44,48.23,200
50,naive,1,44,49.659,200
50,naive,2,44,46.034,200
50,naive,3,44,57.367,200
50,naive,4,44,57.769,200
50,naive,5,44,52.89,200
50,naive,6,44,48.502,200
50,naive,7,44,46.296,200
50,naive,8,44,45.375,200
50,naive,9,44,41.956,200
50,naive,10,44,41.434,200
50,naive,11,44,42.876,200
50,naive,12,44,62.55,200
50,naive,13,44,47.896,200
50,naive,14,44,45.738,200
50,naive,15,44,49.23,200
50,naive,16,44,44.669,200
50,naive,17,44,42.684,200
50,naive,18,44,42.643,200
50,naive,19,44,39.951,200
50,naive,20,44,38.286,200
50,naive,21,44,39.265,200
50,naive,22,44,41.049,200
50,naive,23,44,41.281,200
50,naive,24,44,35.629,200
50,naive,25,44,37.255,200
50,naive,26,44,37.795,200
50,naive,27,44,39.851,200
50,naive,28,44,40.043,200
50,naive,29,44,39.568,200
50,fixed,0,3,16.725,200
50,fixed,1,3,15.613,200
50,fixed,2,3,16.724,200
50,fixed,3,3,18.54,200
50,fixed,4,3,18.744,200
50,fixed,5,3,17.252,200
50,fixed,6,3,17.509,200
50,fixed,7,3,15.683,200
50,fixed,8,3,16.253,200
50,fixed,9,3,15.749,200
50,fixed,10,3,15.825,200
50,fixed,11,3,19.072,200
50,fixed,12,3,16.011,200
50,fixed,13,3,16.439,200
50,fixed,14,3,20.049,200
50,fixed,15,3,17.218,200
50,fixed,16,3,19.747,200
50,fixed,17,3,17.223,200
50,fixed,18,3,19.119,200
50,fixed,19,3,18.005,200
50,fixed,20,3,18.745,200
50,fixed,21,3,18.203,200
50,fixed,22,3,16.515,200
50,fixed,23,3,15.937,200
50,fixed,24,3,18.577,200
50,fixed,25,3,16.1,200
50,fixed,26,3,17.244,200
50,fixed,27,3,15.814,200
50,fixed,28,3,15.822,200
50,fixed,29,3,16.51,200
200,naive,0,126,111.691,200
200,naive,1,126,105.62,200
200,naive,2,126,110.285,200
200,naive,3,126,104.213,200
200,naive,4,126,102.157,200
200,naive,5,126,105.363,200
200,naive,6,126,100.433,200
200,naive,7,126,112.475,200
200,naive,8,126,114.242,200
200,naive,9,126,112.288,200
200,naive,10,126,115.68,200
200,naive,11,126,119.359,200
200,naive,12,126,119.872,200
200,naive,13,126,111.912,200
200,naive,14,126,113.759,200
200,naive,15,126,108.973,200
200,naive,16,126,112.573,200
200,naive,17,126,115.18,200
200,naive,18,126,99.804,200
200,naive,19,126,105.177,200
200,naive,20,126,113.508,200
200,naive,21,126,107.216,200
200,naive,22,126,99.613,200
200,naive,23,126,99.833,200
200,naive,24,126,101.26,200
200,naive,25,126,153.473,200
200,naive,26,126,117.743,200
200,naive,27,126,99.282,200
200,naive,28,126,106.111,200
200,naive,29,126,114.144,200
200,fixed,0,3,38.961,200
200,fixed,1,3,40.811,200
200,fixed,2,3,39.204,200
200,fixed,3,3,39.027,200
200,fixed,4,3,38.415,200
200,fixed,5,3,38.762,200
200,fixed,6,3,39.159,200
200,fixed,7,3,39.224,200
200,fixed,8,3,39.344,200
200,fixed,9,3,39.079,200
200,fixed,10,3,39.172,200
200,fixed,11,3,39.486,200
200,fixed,12,3,40.588,200
200,fixed,13,3,38.729,200
200,fixed,14,3,38.59,200
200,fixed,15,3,36.557,200
200,fixed,16,3,37.932,200
200,fixed,17,3,71.015,200
200,fixed,18,3,38.944,200
200,fixed,19,3,39.595,200
200,fixed,20,3,38.002,200
200,fixed,21,3,37.675,200
200,fixed,22,3,37.721,200
200,fixed,23,3,39.923,200
200,fixed,24,3,38.666,200
200,fixed,25,3,35.891,200
200,fixed,26,3,34.223,200
200,fixed,27,3,34.392,200
200,fixed,28,3,37.974,200
200,fixed,29,3,39.539,200
