question_id,question,technique,rank,store_score,cosine_sim,chunk_len_chars,chunk_len_tokens_est,embedded_text_len_chars,window_len_chars,source_file,expected_source_file,is_expected_source,node_id,preview,retrieval_latency_ms,embed_dim
q1_sacramento_probable_cause,What did the NTSB determine was the probable cause of the collision between two Sacramento Regional Transit District light rail trains?,token,1,0.834981,0.834981,816,136,961,816,ntsb_rir2207_sacramento_light_rail_collision.pdf,ntsb_rir2207_sacramento_light_rail_collision.pdf,True,0908226b-f265-42c9-8862-b075fb3c3531,"Railroad Investigation Report NTSB/RIR-22/07 31 Appendixes Appendix A: Investigation The National Transportation Safety Board (NTSB) was notified on August 22, ",80.557,384
q1_sacramento_probable_cause,What did the NTSB determine was the probable cause of the collision between two Sacramento Regional Transit District light rail trains?,token,2,0.756183,0.756183,675,122,820,675,ntsb_rir2207_sacramento_light_rail_collision.pdf,ntsb_rir2207_sacramento_light_rail_collision.pdf,True,27d7add0-e955-4d6c-9fe4-426850a854e1,Railroad Investigation Report NTSB/RIR-22/07 28 3.2 Probable Cause The National Transportation Safety Board determines that the probable cause of the collision ,80.557,384
q1_sacramento_probable_cause,What did the NTSB determine was the probable cause of the collision between two Sacramento Regional Transit District light rail trains?,token,3,0.753312,0.753312,722,133,866,722,ntsb_rir2207_sacramento_light_rail_collision.pdf,ntsb_rir2207_sacramento_light_rail_collision.pdf,True,1e4cfe05-4b48-49dd-8acb-b7047429b85a,"Had the improvement plan not ended, SacRT management would have been required to monitor the transportation supervisor’s performance for 30 more days while he w",80.557,384
q1_sacramento_probable_cause,What did the NTSB determine was the probable cause of the collision between two Sacramento Regional Transit District light rail trains?,token,4,0.747894,0.747894,670,133,815,670,ntsb_rir2207_sacramento_light_rail_collision.pdf,ntsb_rir2207_sacramento_light_rail_collision.pdf,True,4b54043d-9a4f-4094-82b1-2880d67241cc,"Railroad Investigation Report NTSB/RIR-22/07 6 later, 50 yards south of the intermediate signal N672. Train 9 was traveling 32 mph when it collided with the sto",80.557,384
q1_sacramento_probable_cause,What did the NTSB determine was the probable cause of the collision between two Sacramento Regional Transit District light rail trains?,token,5,0.73311,0.73311,343,52,488,343,ntsb_rir2207_sacramento_light_rail_collision.pdf,ntsb_rir2207_sacramento_light_rail_collision.pdf,True,7d241310-f512-4f24-9116-2952049eb643,Railroad Investigation Report NTSB/RIR-22/07 30 This recommendation is classified “Open—Unacceptable Response” in section 2.7. BY THE NATIONAL TRANSPORTATION SA,80.557,384
q2_wmata_derailment_cause,Why did Washington Metropolitan Area Transit Authority train 407 derail south of Rosslyn Station?,token,1,0.718317,0.718317,449,83,586,449,ntsb_rir2315_wmata_rosslyn_derailment.pdf,ntsb_rir2315_wmata_rosslyn_derailment.pdf,True,21711cde-6e9f-4efb-bfba-af79ae8fc346,The National Transportation Safety Board determines that the probable cause of the derailment of Washington Metropolitan Area Transit Authority train 407 south ,125.53,384
q2_wmata_derailment_cause,Why did Washington Metropolitan Area Transit Authority train 407 derail south of Rosslyn Station?,token,2,0.70991,0.70991,1536,304,1673,1536,ntsb_rir2315_wmata_rosslyn_derailment.pdf,ntsb_rir2315_wmata_rosslyn_derailment.pdf,True,9e350f2d-db17-4205-9527-616977ca6824,"Railroad Investigation Report RIR-23-15 1 1 Factual Information 1.1 Derailment Description On October 12, 2021, about 4:49 p.m. local time, Washington Metropoli",125.53,384
q2_wmata_derailment_cause,Why did Washington Metropolitan Area Transit Authority train 407 derail south of Rosslyn Station?,token,3,0.700116,0.700116,1017,187,1154,1017,ntsb_rir2315_wmata_rosslyn_derailment.pdf,ntsb_rir2315_wmata_rosslyn_derailment.pdf,True,a313685e-77fe-41e8-900f-21ad623fef2c,"Derailment of Washington Metropolitan Area Transit Authority Train Near Rosslyn Station Arlington, Virginia October 12, 2021 Abstract: This report discusses the",125.53,384
q2_wmata_derailment_cause,Why did Washington Metropolitan Area Transit Authority train 407 derail south of Rosslyn Station?,token,4,0.639685,0.639685,2077,373,2215,2077,ntsb_rir2315_wmata_rosslyn_derailment.pdf,ntsb_rir2315_wmata_rosslyn_derailment.pdf,True,6ce2e961-5d73-4f0d-a992-0bafe13933f6,Railroad Investigation Report RIR-23-15 42 3 Conclusions 3.1 Findings 1. None of these issues contributed to the derailment of Washington Metropolitan Area Tran,125.53,384
q2_wmata_derailment_cause,Why did Washington Metropolitan Area Transit Authority train 407 derail south of Rosslyn Station?,token,5,0.608397,0.608397,1083,192,1221,1083,ntsb_rir2315_wmata_rosslyn_derailment.pdf,ntsb_rir2315_wmata_rosslyn_derailment.pdf,True,d3b48199-c0dd-487d-ac44-c0c592196d4f,"Railroad Investigation Report RIR-23-15 45 Appendixes Appendix A: Investigation The National Transportation Safety Board (NTSB) was notified on October 12, 2021",125.53,384
q3_two_hour_notification,"How soon after a safety event must a rail transit agency notify FTA and its State Safety Oversight Agency, and what kinds of events trigger that notification?",token,1,0.700482,0.700482,2199,453,2321,2199,ecfr_49cfr674_state_safety_oversight.txt,ecfr_49cfr674_state_safety_oversight.txt,True,6576b479-ef26-4238-aa57-4d730d04537b,"an RTA's compliance with its Public Transportation Agency Safety Plan. Alternatively, an SSOA may conduct the audit on an on-going basis over the three-year tim",68.248,384
q3_two_hour_notification,"How soon after a safety event must a rail transit agency notify FTA and its State Safety Oversight Agency, and what kinds of events trigger that notification?",token,2,0.671771,0.671771,2347,442,2460,2347,fr_2023_ptasp_proposed_rule.txt,ecfr_49cfr674_state_safety_oversight.txt,False,2352f7e0-acbd-4c3c-ab0c-09565c53e272,safety performance targets based on the safety performance measures established under the National Public Transportation Safety Plan. Safety performance targets,68.248,384
q3_two_hour_notification,"How soon after a safety event must a rail transit agency notify FTA and its State Safety Oversight Agency, and what kinds of events trigger that notification?",token,3,0.666237,0.666237,2365,470,2487,2365,ecfr_49cfr674_state_safety_oversight.txt,ecfr_49cfr674_state_safety_oversight.txt,True,6a1a3b96-aee5-47a5-a552-6411ba908207,train movement means any instance where a revenue vehicle is moving and is not under the control of a driver (whether or not the operator is physically on the v,68.248,384
q3_two_hour_notification,"How soon after a safety event must a rail transit agency notify FTA and its State Safety Oversight Agency, and what kinds of events trigger that notification?",token,4,0.660346,0.660346,2331,417,2453,2331,fr_2024_national_transit_safety_plan.txt,ecfr_49cfr674_state_safety_oversight.txt,False,3d8f9900-8273-4b65-ae15-c6220b326489,until FTA establishes related performance [[Page 25318]] measures through the National Safety Plan (https://www.transit.dot.gov/safety/public-transportation-age,68.248,384
q3_two_hour_notification,"How soon after a safety event must a rail transit agency notify FTA and its State Safety Oversight Agency, and what kinds of events trigger that notification?",token,5,0.65659,0.65659,2521,448,2631,2521,fr_2024_ptasp_final_rule.txt,ecfr_49cfr674_state_safety_oversight.txt,False,9989a6f0-71be-4415-ae41-23f39eae9699,Comments: One commenter requested that FTA clarify when a transit agency must communicate hazards relevant to an employee's roles or responsibilities under Sec.,68.248,384
q4_assault_directive_deadline,"What does FTA General Directive 24-1 require transit agencies to do about assaults on transit workers, and by when must they respond?",token,1,0.805733,0.805733,2392,465,2517,2392,fr_2024_general_directive_24_1_assaults.txt,fr_2024_general_directive_24_1_assaults.txt,True,4f87bc14-f627-4e9a-8754-e2d8d0e546b0,"transit agency to provide FTA information on how the transit agency is assessing, mitigating, and monitoring the safety risk associated with assaults on transit",95.914,384
q4_assault_directive_deadline,"What does FTA General Directive 24-1 require transit agencies to do about assaults on transit workers, and by when must they respond?",token,2,0.801261,0.801261,2308,400,2433,2308,fr_2024_general_directive_24_1_assaults.txt,fr_2024_general_directive_24_1_assaults.txt,True,2b75eceb-14c7-4cd1-9d2f-a6bd04f03337,Act (FOIA) N. Oversight and Enforcement 1. Federal Enforcement 2. State Safety Oversight Agency Role I. Executive Summary FTA is issuing a General Directive to ,95.914,384
q4_assault_directive_deadline,"What does FTA General Directive 24-1 require transit agencies to do about assaults on transit workers, and by when must they respond?",token,3,0.786629,0.786629,2340,442,2465,2340,fr_2024_general_directive_24_1_assaults.txt,fr_2024_general_directive_24_1_assaults.txt,True,34f0f277-e9ea-4b02-99f0-5e73976058e9,these situations. One transit agency asked FTA to clarify whether agencies should use their State law definition of ``assault'' for purposes of the General Dire,95.914,384
q4_assault_directive_deadline,"What does FTA General Directive 24-1 require transit agencies to do about assaults on transit workers, and by when must they respond?",token,4,0.778255,0.778255,2440,471,2565,2440,fr_2024_general_directive_24_1_assaults.txt,fr_2024_general_directive_24_1_assaults.txt,True,5fc8846d-fd6f-43ce-97be-59cc14b11e46,industry association recommended that the NTD capture assaults on transit workers on a more granular level by breaking down reporting for additional categories ,95.914,384
q4_assault_directive_deadline,"What does FTA General Directive 24-1 require transit agencies to do about assaults on transit workers, and by when must they respond?",token,5,0.776988,0.776988,2451,461,2576,2451,fr_2024_general_directive_24_1_assaults.txt,fr_2024_general_directive_24_1_assaults.txt,True,cd69c310-7497-40f8-bcee-7063a7071682,"Collection of Additional Information Comments: FTA received comments from several commenters including a labor union, transit agencies, a transit association, a",95.914,384
q5_section_5307_safety_set_aside,What share of its section 5307 funds must a large urbanized area transit provider spend on safety-related projects under the 2024 PTASP final rule?,token,1,0.706295,0.706295,642,49,752,642,fr_2024_ptasp_final_rule.txt,fr_2024_ptasp_final_rule.txt,True,68871af5-a0b2-41b4-85ad-a2952cd0024c,frontline transit worker representatives. Section 5307 funding allocation...... Requires transit 49 U.S.C. 5329(d)(4)(B)- providers in large (D)). UZAs to alloc,96.332,384
q5_section_5307_safety_set_aside,What share of its section 5307 funds must a large urbanized area transit provider spend on safety-related projects under the 2024 PTASP final rule?,token,2,0.701721,0.701721,2057,379,2167,2057,fr_2024_ptasp_final_rule.txt,fr_2024_ptasp_final_rule.txt,True,3fd77e60-f69c-4835-a8de-29b59bfc3b11,K. Section 673.29--Safety Promotion L. Section 673.31--Safety Plan Documentation M. Other Topics N. Regulatory Impact Analysis O. Regulatory Burden III. Section,96.332,384
q5_section_5307_safety_set_aside,What share of its section 5307 funds must a large urbanized area transit provider spend on safety-related projects under the 2024 PTASP final rule?,token,3,0.693553,0.693553,2129,403,2242,2129,fr_2023_ptasp_proposed_rule.txt,fr_2024_ptasp_final_rule.txt,False,1ffb29ad-b62e-4bf5-92fa-bf288c7d7aac,of Federal financial assistance under 49 U.S.C. 5307 or a rail transit agency. Transit Asset Management Plan means the strategic and systematic practice of proc,96.332,384
q5_section_5307_safety_set_aside,What share of its section 5307 funds must a large urbanized area transit provider spend on safety-related projects under the 2024 PTASP final rule?,token,4,0.687927,0.687927,2258,443,2371,2258,fr_2023_ptasp_proposed_rule.txt,fr_2024_ptasp_final_rule.txt,False,1c686f5f-1765-4de5-ba37-84c2f57eb539,be more likely to adopt as a result of developing risk reduction programs or explicitly considering bus collisions and transit worker assaults? Costs Transit ag,96.332,384
q5_section_5307_safety_set_aside,What share of its section 5307 funds must a large urbanized area transit provider spend on safety-related projects under the 2024 PTASP final rule?,token,5,0.687726,0.687726,2287,439,2397,2287,fr_2024_ptasp_final_rule.txt,fr_2024_ptasp_final_rule.txt,True,c981fe03-4da0-4bd0-9878-eff813f08647,to assist the recipient in meeting the missed target(s). If the ongoing initiatives are not reasonably likely to assist the recipient in meeting the applicable ,96.332,384
q1_sacramento_probable_cause,What did the NTSB determine was the probable cause of the collision between two Sacramento Regional Transit District light rail trains?,semantic,1,0.851699,0.851699,507,88,650,507,ntsb_rir2207_sacramento_light_rail_collision.pdf,ntsb_rir2207_sacramento_light_rail_collision.pdf,True,90294ff1-27d3-4a8c-9017-497251bcf768,"Railroad Investigation Report NTSB/RIR-22/07 31 Appendixes Appendix A: Investigation The National Transportation Safety Board (NTSB) was notified on August 22, ",86.13,384
q1_sacramento_probable_cause,What did the NTSB determine was the probable cause of the collision between two Sacramento Regional Transit District light rail trains?,semantic,2,0.770044,0.770044,137,24,278,137,ntsb_rir2207_sacramento_light_rail_collision.pdf,ntsb_rir2207_sacramento_light_rail_collision.pdf,True,406b38a8-864f-4723-b3dd-a785df6fa2d8,"———. 2016. Collision of Two Union Pacific Railroad Freight Trains Hoxie, Arkansas, August 17, 2014. RAR-16/03. Washington, DC: NTSB.",86.13,384
q1_sacramento_probable_cause,What did the NTSB determine was the probable cause of the collision between two Sacramento Regional Transit District light rail trains?,semantic,3,0.756183,0.756183,679,122,820,679,ntsb_rir2207_sacramento_light_rail_collision.pdf,ntsb_rir2207_sacramento_light_rail_collision.pdf,True,75ce9a71-9ab8-490e-8595-7f028051e6d5,Railroad Investigation Report NTSB/RIR-22/07 28 3.2 Probable Cause The National Transportation Safety Board determines that the probable cause of the collision ,86.13,384
q1_sacramento_probable_cause,What did the NTSB determine was the probable cause of the collision between two Sacramento Regional Transit District light rail trains?,semantic,4,0.752387,0.752387,474,94,617,474,ntsb_rir2207_sacramento_light_rail_collision.pdf,ntsb_rir2207_sacramento_light_rail_collision.pdf,True,6df90d71-ca27-49b5-a3e1-9929095093a7,"Railroad Investigation Report NTSB/RIR-22/07 v Executive Summary What Happened On August 22, 2019, at 9:38 p.m. local time, northbound Sacramento Regional Trans",86.13,384
q1_sacramento_probable_cause,What did the NTSB determine was the probable cause of the collision between two Sacramento Regional Transit District light rail trains?,semantic,5,0.751401,0.751401,404,83,548,404,ntsb_rir2207_sacramento_light_rail_collision.pdf,ntsb_rir2207_sacramento_light_rail_collision.pdf,True,0765d684-a4c5-401c-8e0c-42bdadf7e1b2,"Railroad Investigation Report NTSB/RIR-22/07 20 2. Analysis 2.1 Introduction On August 22, 2019, at 9:38 p.m. local time, northbound SacRT District passenger tr",86.13,384
q2_wmata_derailment_cause,Why did Washington Metropolitan Area Transit Authority train 407 derail south of Rosslyn Station?,semantic,1,0.70991,0.70991,1371,266,1507,1371,ntsb_rir2315_wmata_rosslyn_derailment.pdf,ntsb_rir2315_wmata_rosslyn_derailment.pdf,True,ebb9d868-9414-4217-ba4b-1ce1d2de57ba,"Railroad Investigation Report RIR-23-15 1 1 Factual Information 1.1 Derailment Description On October 12, 2021, about 4:49 p.m. local time, Washington Metropoli",130.148,384
q2_wmata_derailment_cause,Why did Washington Metropolitan Area Transit Authority train 407 derail south of Rosslyn Station?,semantic,2,0.7067,0.7067,962,176,1095,962,ntsb_rir2315_wmata_rosslyn_derailment.pdf,ntsb_rir2315_wmata_rosslyn_derailment.pdf,True,41db50ca-b99c-42b3-b7d5-4549d64616c4,"Derailment of Washington Metropolitan Area Transit Authority Train Near Rosslyn Station Arlington, Virginia October 12, 2021 Abstract: This report discusses the",130.148,384
q2_wmata_derailment_cause,Why did Washington Metropolitan Area Transit Authority train 407 derail south of Rosslyn Station?,semantic,3,0.696375,0.696375,547,102,684,547,ntsb_rir2315_wmata_rosslyn_derailment.pdf,ntsb_rir2315_wmata_rosslyn_derailment.pdf,True,8ce463c5-5416-4a1d-b0c9-29e9e9c4aba9,Railroad Investigation Report RIR-23-15 42 3 Conclusions 3.1 Findings 1. None of these issues contributed to the derailment of Washington Metropolitan Area Tran,130.148,384
q2_wmata_derailment_cause,Why did Washington Metropolitan Area Transit Authority train 407 derail south of Rosslyn Station?,semantic,4,0.683272,0.683272,515,93,651,515,ntsb_rir2315_wmata_rosslyn_derailment.pdf,ntsb_rir2315_wmata_rosslyn_derailment.pdf,True,c7d0aafd-b037-416c-8901-eae47cd42cec,"Railroad Investigation Report RIR-23-15 vi Executive Summary What Happened On October 12, 2021, about 4:49 p.m. local time, Washington Metropolitan Area Transit",130.148,384
q2_wmata_derailment_cause,Why did Washington Metropolitan Area Transit Authority train 407 derail south of Rosslyn Station?,semantic,5,0.674413,0.674413,506,88,643,506,ntsb_rir2315_wmata_rosslyn_derailment.pdf,ntsb_rir2315_wmata_rosslyn_derailment.pdf,True,8d910641-4a51-4670-919e-af57b1b3fcd3,"Railroad Investigation Report RIR-23-15 45 Appendixes Appendix A: Investigation The National Transportation Safety Board (NTSB) was notified on October 12, 2021",130.148,384
q3_two_hour_notification,"How soon after a safety event must a rail transit agency notify FTA and its State Safety Oversight Agency, and what kinds of events trigger that notification?",semantic,1,0.68137,0.68137,2955,533,3063,2955,fr_2024_ptasp_final_rule.txt,ecfr_49cfr674_state_safety_oversight.txt,False,2d717f39-c073-49b5-ab99-006cc8621eba,"673.29(b), and whether this requirement applies to all relevant hazards or only hazards that meet a determined risk rating. The commenter [[Page 25728]] also re",61.752,384
q3_two_hour_notification,"How soon after a safety event must a rail transit agency notify FTA and its State Safety Oversight Agency, and what kinds of events trigger that notification?",semantic,2,0.664957,0.664957,2070,380,2207,2070,ntsb_rir2315_wmata_rosslyn_derailment.pdf,ecfr_49cfr674_state_safety_oversight.txt,False,9886dbb9-1742-4224-a60f-748ab5b0e990,"The National Public Transportation Safety Plan also includes guidance on how to set safety performance measures for fatalities, injuries, safety events, and sys",61.752,384
q3_two_hour_notification,"How soon after a safety event must a rail transit agency notify FTA and its State Safety Oversight Agency, and what kinds of events trigger that notification?",semantic,3,0.655076,0.655076,2902,585,3023,2902,ecfr_49cfr674_state_safety_oversight.txt,ecfr_49cfr674_state_safety_oversight.txt,True,bd0847af-9b69-47ec-be39-0e6bd2d4a92d,Administrator means the Federal Transit Administrator or the Administrator's designee. Collision means any impact between a rail transit vehicle and any other v,61.752,384
q3_two_hour_notification,"How soon after a safety event must a rail transit agency notify FTA and its State Safety Oversight Agency, and what kinds of events trigger that notification?",semantic,4,0.624771,0.624771,740,140,858,740,ecfr_49cfr673_agency_safety_plans.txt,ecfr_49cfr674_state_safety_oversight.txt,False,059d3a2d-d17f-460e-ad94-907f1db08b34,5311 unless it operates a rail fixed guideway public transportation system. § 673.3 Policy. The Federal Transit Administration (FTA) has adopted the principles ,61.752,384
q3_two_hour_notification,"How soon after a safety event must a rail transit agency notify FTA and its State Safety Oversight Agency, and what kinds of events trigger that notification?",semantic,5,0.619049,0.619049,2157,397,2278,2157,fr_2024_national_transit_safety_plan.txt,ecfr_49cfr674_state_safety_oversight.txt,False,cd8f114a-4c66-4aba-a288-f72853bd5d6b,"L. 117-58). On February 5, 2016, FTA first published a Federal Register notice (81 FR 6372) seeking comment on a proposed National Safety Plan. Subsequently, on",61.752,384
q4_assault_directive_deadline,"What does FTA General Directive 24-1 require transit agencies to do about assaults on transit workers, and by when must they respond?",semantic,1,0.778023,0.778023,382,62,502,382,fr_2024_general_directive_24_1_assaults.txt,fr_2024_general_directive_24_1_assaults.txt,True,c965d44d-b9c4-4a52-aa59-1c6f0fd3ba1e,"Notice of Proposed General Directive and Response to Comments FTA published a Notice of Proposed General Directive in the Federal Register on December 20, 2023,",95.966,384
q4_assault_directive_deadline,"What does FTA General Directive 24-1 require transit agencies to do about assaults on transit workers, and by when must they respond?",semantic,2,0.774998,0.774998,3546,702,3666,3546,fr_2024_general_directive_24_1_assaults.txt,fr_2024_general_directive_24_1_assaults.txt,True,a7134227-c1f0-470c-af78-b0f8c5579ccf,"Veronica Vanterpool, Deputy Administrator. UNITED STATES DEPARTMENT OF TRANSPORTATION Federal Transit Administration General Directive No. 24-1 Required Actions",95.966,384
q4_assault_directive_deadline,"What does FTA General Directive 24-1 require transit agencies to do about assaults on transit workers, and by when must they respond?",semantic,3,0.756837,0.756837,1259,221,1383,1259,fr_2024_general_directive_24_1_assaults.txt,fr_2024_general_directive_24_1_assaults.txt,True,3756b4e8-65ea-4cdb-9d08-17853c295f7d,----------------------------------------------------------------------- SUMMARY: The Federal Transit Administration (FTA) is issuing a General Directive to addr,95.966,384
q4_assault_directive_deadline,"What does FTA General Directive 24-1 require transit agencies to do about assaults on transit workers, and by when must they respond?",semantic,4,0.754729,0.754729,10319,2021,10443,10319,fr_2024_general_directive_24_1_assaults.txt,fr_2024_general_directive_24_1_assaults.txt,True,04df9625-edda-4eb5-b9dd-af174b576162,"FTA received 66 comment submissions to the docket. Commenters included transit agencies, labor unions, State Safety Oversight Agencies (SSOAs), and individuals.",95.966,384
q4_assault_directive_deadline,"What does FTA General Directive 24-1 require transit agencies to do about assaults on transit workers, and by when must they respond?",semantic,5,0.744992,0.744992,884,83,989,884,fr_2024_ptasp_final_rule.txt,fr_2024_general_directive_24_1_assaults.txt,False,48727930-5c3c-4dae-bf4d-e94e30631b15,"\13\ National Public Transportation Safety Plan, 88 FR 34917 (May 31, 2023). https://www.federalregister.gov/documents/2023/05/31/2023-11551/national-public-tra",95.966,384
q5_section_5307_safety_set_aside,What share of its section 5307 funds must a large urbanized area transit provider spend on safety-related projects under the 2024 PTASP final rule?,semantic,1,0.717169,0.717169,3860,700,3969,3860,fr_2024_ptasp_final_rule.txt,fr_2024_ptasp_final_rule.txt,True,e2e30361-6192-4e79-9051-6a5de37f2c8b,"L. 114-94; December 4, 2015). To implement the requirements of 49 U.S.C. 5329(d), FTA issued a final rule on July 19, 2018, that added part 673, ``Public Transp",87.059,384
q5_section_5307_safety_set_aside,What share of its section 5307 funds must a large urbanized area transit provider spend on safety-related projects under the 2024 PTASP final rule?,semantic,2,0.711975,0.711975,2687,453,2799,2687,fr_2023_ptasp_proposed_rule.txt,fr_2024_ptasp_final_rule.txt,False,2a7471df-9e02-41af-81e0-01983df7dd76,SUPPLEMENTARY INFORMATION: Table of Contents I. Executive Summary A. Purpose of Regulatory Action B. Statutory Authority C. Questions About Transit Worker Safet,87.059,384
q5_section_5307_safety_set_aside,What share of its section 5307 funds must a large urbanized area transit provider spend on safety-related projects under the 2024 PTASP final rule?,semantic,3,0.710564,0.710564,1442,81,1551,1442,fr_2024_ptasp_final_rule.txt,fr_2024_ptasp_final_rule.txt,True,283130dc-4198-4c30-af01-6c9bab1b622d,5329(d)(4). safety risk reduction programs with safety performance targets and engage in performance monitoring. Continuous improvement............... .........,87.059,384
q5_section_5307_safety_set_aside,What share of its section 5307 funds must a large urbanized area transit provider spend on safety-related projects under the 2024 PTASP final rule?,semantic,4,0.680432,0.680432,4273,776,4385,4273,fr_2023_ptasp_proposed_rule.txt,fr_2024_ptasp_final_rule.txt,False,e1697059-b438-4dec-918b-02e2c208b196,"L. 114-94; December 4, 2015). To implement the requirements of 49 U.S.C. 5329(d), FTA issued a final rule on July 19, 2018, that added part 673, ``Public Transp",87.059,384
q5_section_5307_safety_set_aside,What share of its section 5307 funds must a large urbanized area transit provider spend on safety-related projects under the 2024 PTASP final rule?,semantic,5,0.66735,0.667351,2481,445,2590,2481,fr_2024_ptasp_final_rule.txt,fr_2024_ptasp_final_rule.txt,True,681441af-d46e-42a8-9c07-5a81024d1488,"5310 and 49 U.S.C. 5311, unless it operates a rail fixed guideway public transportation system. FTA disagrees with the need to further clarify applicability for",87.059,384
q1_sacramento_probable_cause,What did the NTSB determine was the probable cause of the collision between two Sacramento Regional Transit District light rail trains?,sentence,1,0.828693,0.828693,378,65,522,822,ntsb_rir2207_sacramento_light_rail_collision.pdf,ntsb_rir2207_sacramento_light_rail_collision.pdf,True,27023e1c-6326-4c34-9dab-1cf81471493a,"Railroad Investigation Report NTSB/RIR-22/07 31 Appendixes Appendix A: Investigation The National Transportation Safety Board (NTSB) was notified on August 22, ",235.088,384
q1_sacramento_probable_cause,What did the NTSB determine was the probable cause of the collision between two Sacramento Regional Transit District light rail trains?,sentence,2,0.823417,0.823417,479,85,623,680,ntsb_rir2207_sacramento_light_rail_collision.pdf,ntsb_rir2207_sacramento_light_rail_collision.pdf,True,2f1c4b17-e58f-4d20-9956-124c614abe3d,Railroad Investigation Report NTSB/RIR-22/07 28 3.2 Probable Cause The National Transportation Safety Board determines that the probable cause of the collision ,235.088,384
q1_sacramento_probable_cause,What did the NTSB determine was the probable cause of the collision between two Sacramento Regional Transit District light rail trains?,sentence,3,0.797674,0.797674,123,27,267,1031,ntsb_rir2207_sacramento_light_rail_collision.pdf,ntsb_rir2207_sacramento_light_rail_collision.pdf,True,ffa6e06a-049c-4f1b-afbf-f5281cb3cc0a,"In April 2015, the NTSB released its report on the March 23, 2014, collision of Chicago Transit Authority (CTA) train No.",235.088,384
q1_sacramento_probable_cause,What did the NTSB determine was the probable cause of the collision between two Sacramento Regional Transit District light rail trains?,sentence,4,0.795702,0.795702,305,66,448,1421,ntsb_rir2207_sacramento_light_rail_collision.pdf,ntsb_rir2207_sacramento_light_rail_collision.pdf,True,e7a86f9d-73d3-4021-8115-4ae616b861d2,"The NTSB concludes that none of the following were factors in this collision: (1) the mechanical condition of the two trains, the condition of the track, or the",235.088,384
q1_sacramento_probable_cause,What did the NTSB determine was the probable cause of the collision between two Sacramento Regional Transit District light rail trains?,sentence,5,0.794701,0.794701,406,75,549,1087,ntsb_rir2207_sacramento_light_rail_collision.pdf,ntsb_rir2207_sacramento_light_rail_collision.pdf,True,16214bd2-e6cd-47fb-bf4e-a624813daef0,The National Transportation Safety Board determines that the probable cause of the collision of two Sacramento Regional Transit District light rail trains was t,235.088,384
q2_wmata_derailment_cause,Why did Washington Metropolitan Area Transit Authority train 407 derail south of Rosslyn Station?,sentence,1,0.760448,0.760448,402,70,538,816,ntsb_rir2315_wmata_rosslyn_derailment.pdf,ntsb_rir2315_wmata_rosslyn_derailment.pdf,True,c185993b-b5a1-461e-9371-b043bdffceda,"Derailment of Washington Metropolitan Area Transit Authority Train Near Rosslyn Station Arlington, Virginia October 12, 2021 Abstract: This report discusses the",267.464,384
q2_wmata_derailment_cause,Why did Washington Metropolitan Area Transit Authority train 407 derail south of Rosslyn Station?,sentence,2,0.736947,0.736947,428,83,564,796,ntsb_rir2315_wmata_rosslyn_derailment.pdf,ntsb_rir2315_wmata_rosslyn_derailment.pdf,True,6e4acee1-a4e5-47cc-8265-9e89c12e6b1e,"local time, Washington Metropolitan Area Transit Authority (WMATA) train 407, consisting of eight 7000-series railcars, was traveling from Rosslyn Station towar",267.464,384
q2_wmata_derailment_cause,Why did Washington Metropolitan Area Transit Authority train 407 derail south of Rosslyn Station?,sentence,3,0.736765,0.736765,273,49,409,594,ntsb_rir2315_wmata_rosslyn_derailment.pdf,ntsb_rir2315_wmata_rosslyn_derailment.pdf,True,8d8ec332-9b69-431b-89d8-ba3dad02ef45,"local time, Washington Metropolitan Area Transit Authority (WMATA) train 407, consisting of 8 railcars and carrying 187 passengers and the operator, derailed wh",267.464,384
q2_wmata_derailment_cause,Why did Washington Metropolitan Area Transit Authority train 407 derail south of Rosslyn Station?,sentence,4,0.724751,0.724751,268,49,405,1119,ntsb_rir2315_wmata_rosslyn_derailment.pdf,ntsb_rir2315_wmata_rosslyn_derailment.pdf,True,2627660c-dbfd-4a26-acca-3597dde7bcde,3.2 Probable Cause The National Transportation Safety Board determines that the probable cause of the derailment of Washington Metropolitan Area Transit Authori,267.464,384
q2_wmata_derailment_cause,Why did Washington Metropolitan Area Transit Authority train 407 derail south of Rosslyn Station?,sentence,5,0.718317,0.718317,450,83,586,904,ntsb_rir2315_wmata_rosslyn_derailment.pdf,ntsb_rir2315_wmata_rosslyn_derailment.pdf,True,b3953145-519f-4857-a369-31787dfec4d9,The National Transportation Safety Board determines that the probable cause of the derailment of Washington Metropolitan Area Transit Authority train 407 south ,267.464,384
q3_two_hour_notification,"How soon after a safety event must a rail transit agency notify FTA and its State Safety Oversight Agency, and what kinds of events trigger that notification?",sentence,1,0.691373,0.691373,485,102,605,1271,ecfr_49cfr674_state_safety_oversight.txt,ecfr_49cfr674_state_safety_oversight.txt,True,291e133f-2dde-4193-9080-43952231fd92,(a) An RTA must notify FTA and the SSOA within two hours of any safety event occurring on a rail fixed guideway public transportation system that results in one,205.332,384
q3_two_hour_notification,"How soon after a safety event must a rail transit agency notify FTA and its State Safety Oversight Agency, and what kinds of events trigger that notification?",sentence,2,0.685399,0.685399,254,55,374,1445,ecfr_49cfr674_state_safety_oversight.txt,ecfr_49cfr674_state_safety_oversight.txt,True,b4242a2b-8d4a-43ff-a361-d184e9c933ba,(iii) The RTA must notify the SSOA at least thirty (30) days before the RTA conducts an internal safety review of any aspect of the rail fixed guideway public t,205.332,384
q3_two_hour_notification,"How soon after a safety event must a rail transit agency notify FTA and its State Safety Oversight Agency, and what kinds of events trigger that notification?",sentence,3,0.680045,0.680045,201,39,318,937,fr_2024_national_transit_safety_plan.txt,ecfr_49cfr674_state_safety_oversight.txt,False,42c2f1b4-8502-4a28-8b32-31408b47b4cc,"One commenter recommended that FTA allow individual transit agencies to define what events will be included in the major events performance measure, noting that",205.332,384
q3_two_hour_notification,"How soon after a safety event must a rail transit agency notify FTA and its State Safety Oversight Agency, and what kinds of events trigger that notification?",sentence,4,0.676681,0.676681,214,41,323,1209,fr_2024_ptasp_final_rule.txt,ecfr_49cfr674_state_safety_oversight.txt,False,966e468c-7b12-46a4-9751-78d71f6973f9,"Similarly, FTA has not established a time frame for informing transit workers of hazards, associated safety risk, or actions taken in response to reports receiv",205.332,384
q3_two_hour_notification,"How soon after a safety event must a rail transit agency notify FTA and its State Safety Oversight Agency, and what kinds of events trigger that notification?",sentence,5,0.669407,0.669407,290,52,411,1167,fr_2024_national_transit_safety_plan.txt,ecfr_49cfr674_state_safety_oversight.txt,False,f2198e75-7b4e-4a4d-ba1f-661fd357d683,FTA disagrees with the commenter who suggested transit agencies should define what events to include in the major events safety performance measures because FTA,205.332,384
q4_assault_directive_deadline,"What does FTA General Directive 24-1 require transit agencies to do about assaults on transit workers, and by when must they respond?",sentence,1,0.8442,0.8442,398,78,522,1075,fr_2024_general_directive_24_1_assaults.txt,fr_2024_general_directive_24_1_assaults.txt,True,201c7351-3915-4549-98dc-4d389ff0aa28,"FTA notes that the General Directive requires each applicable transit agency to provide FTA information on how the transit agency is assessing, mitigating, and ",234.077,384
q4_assault_directive_deadline,"What does FTA General Directive 24-1 require transit agencies to do about assaults on transit workers, and by when must they respond?",sentence,2,0.830669,0.830669,302,48,426,1654,fr_2024_general_directive_24_1_assaults.txt,fr_2024_general_directive_24_1_assaults.txt,True,7fd2cf3b-a6b1-4238-adc0-3fa4523d5c20,"The labor union suggested that FTA require transit agencies to report detailed information on specific mitigations related to assaults on transit workers, inclu",234.077,384
q4_assault_directive_deadline,"What does FTA General Directive 24-1 require transit agencies to do about assaults on transit workers, and by when must they respond?",sentence,3,0.82937,0.82937,215,37,339,1573,fr_2024_general_directive_24_1_assaults.txt,fr_2024_general_directive_24_1_assaults.txt,True,1a000e99-83fb-4f6d-980b-c7af6bacca13,FTA response: FTA acknowledges the comments received regarding the General Directive's requirement for transit agencies to report the implementation status of m,234.077,384
q4_assault_directive_deadline,"What does FTA General Directive 24-1 require transit agencies to do about assaults on transit workers, and by when must they respond?",sentence,4,0.823232,0.823232,281,58,405,2056,fr_2024_general_directive_24_1_assaults.txt,fr_2024_general_directive_24_1_assaults.txt,True,a79ea74e-3342-404b-9298-be24a158a8c0,"FTA response: FTA reiterates that the General Directive does not mandate any specific mitigation, and a transit agency or Safety Committee may determine, as a r",234.077,384
q4_assault_directive_deadline,"What does FTA General Directive 24-1 require transit agencies to do about assaults on transit workers, and by when must they respond?",sentence,5,0.816228,0.816229,467,79,587,1258,fr_2024_general_directive_24_1_assaults.txt,fr_2024_general_directive_24_1_assaults.txt,True,da24a00c-38c4-4e4b-9c12-7c82f019fbe0,"Submit Required Information to FTA I. Mitigations Identified or Implemented Comments: FTA received comments from several commenters, including transit agencies ",234.077,384
q5_section_5307_safety_set_aside,What share of its section 5307 funds must a large urbanized area transit provider spend on safety-related projects under the 2024 PTASP final rule?,sentence,1,0.779723,0.779723,238,45,343,798,fr_2024_ptasp_final_rule.txt,fr_2024_ptasp_final_rule.txt,True,e1cea606-a700-4ef4-9ed4-4b6b47dc3c25,"Two commenters asked how transit agencies that are not direct recipients of section 5307 funds should meet the safety set-aside requirements, noting that such a",233.752,384
q5_section_5307_safety_set_aside,What share of its section 5307 funds must a large urbanized area transit provider spend on safety-related projects under the 2024 PTASP final rule?,sentence,2,0.777977,0.777977,214,44,323,1292,fr_2024_ptasp_final_rule.txt,fr_2024_ptasp_final_rule.txt,True,c0f7793e-53f0-4b0b-b918-9fcb97170505,"Transit agencies' safety-related spending is not limited to the amount of the safety set-aside, and transit agencies may spend section 5307 funds on safety proj",233.752,384
q5_section_5307_safety_set_aside,What share of its section 5307 funds must a large urbanized area transit provider spend on safety-related projects under the 2024 PTASP final rule?,sentence,3,0.748543,0.748543,231,44,340,1184,fr_2024_ptasp_final_rule.txt,fr_2024_ptasp_final_rule.txt,True,c8b11eeb-b824-4d82-a468-e64190ffd406,"FTA clarifies that if [[Page 25723]] the identified projects cost less than the transit agency's safety set- aside, the agency may use the remaining safety set-",233.752,384
q5_section_5307_safety_set_aside,What share of its section 5307 funds must a large urbanized area transit provider spend on safety-related projects under the 2024 PTASP final rule?,sentence,4,0.736046,0.736046,365,78,477,1829,fr_2023_ptasp_proposed_rule.txt,fr_2024_ptasp_final_rule.txt,False,b22bbe28-f248-457f-9b75-ceb01057a043,"This includes the requirement that if a large urbanized area provider does not meet one of the safety risk reduction performance targets, it must allocate at le",233.752,384
q5_section_5307_safety_set_aside,What share of its section 5307 funds must a large urbanized area transit provider spend on safety-related projects under the 2024 PTASP final rule?,sentence,5,0.730672,0.730672,278,46,399,779,fr_2024_national_transit_safety_plan.txt,fr_2024_ptasp_final_rule.txt,False,630d9b55-c815-4a9c-a55d-5b40909fa185,Applicability Comments: Two commenters expressed that the National Safety Plan and safety performance measurement requirements should be consistent with the app,233.752,384
