seed,failure_rate,call_index,attempts,ok,latency_ms,outcomes,error
263170,0.0,1,1,1,363.518,ok,
263170,0.0,2,1,1,2.942,ok,
263170,0.0,3,1,1,2.695,ok,
263170,0.0,4,1,1,3.521,ok,
263170,0.0,5,1,1,2.806,ok,
263170,0.0,6,1,1,2.937,ok,
263170,0.0,7,1,1,2.712,ok,
263170,0.0,8,1,1,2.565,ok,
263170,0.0,9,1,1,2.347,ok,
263170,0.0,10,1,1,2.86,ok,
263170,0.0,11,1,1,3.606,ok,
263170,0.0,12,1,1,2.947,ok,
263170,0.0,13,1,1,2.552,ok,
263170,0.0,14,1,1,2.707,ok,
263170,0.0,15,1,1,2.608,ok,
263170,0.0,16,1,1,2.711,ok,
263170,0.0,17,1,1,2.749,ok,
263170,0.0,18,1,1,2.692,ok,
263170,0.0,19,1,1,2.627,ok,
263170,0.0,20,1,1,2.503,ok,
263170,0.0,21,1,1,2.496,ok,
263170,0.0,22,1,1,3.389,ok,
263170,0.0,23,1,1,2.489,ok,
263170,0.0,24,1,1,2.442,ok,
263170,0.0,25,1,1,2.274,ok,
263170,0.0,26,1,1,2.655,ok,
263170,0.0,27,1,1,2.237,ok,
263170,0.0,28,1,1,2.454,ok,
263170,0.0,29,1,1,2.409,ok,
263170,0.0,30,1,1,12.109,ok,
263170,0.0,31,1,1,2.965,ok,
263170,0.0,32,1,1,2.85,ok,
263170,0.0,33,1,1,2.802,ok,
263170,0.0,34,1,1,2.793,ok,
263170,0.0,35,1,1,2.879,ok,
263170,0.0,36,1,1,2.741,ok,
263170,0.0,37,1,1,2.831,ok,
263170,0.0,38,1,1,2.675,ok,
263170,0.0,39,1,1,2.589,ok,
263170,0.0,40,1,1,2.682,ok,
263170,0.0,41,1,1,2.487,ok,
263170,0.0,42,1,1,2.302,ok,
263170,0.0,43,1,1,2.264,ok,
263170,0.0,44,1,1,2.259,ok,
263170,0.0,45,1,1,2.264,ok,
263170,0.0,46,1,1,2.217,ok,
263170,0.0,47,1,1,2.137,ok,
263170,0.0,48,1,1,2.777,ok,
263170,0.0,49,1,1,3.022,ok,
263170,0.0,50,1,1,2.258,ok,
263170,0.2,1,1,1,2.309,ok,
263170,0.2,2,1,1,2.283,ok,
263170,0.2,3,1,1,2.386,ok,
263170,0.2,4,1,1,2.434,ok,
263170,0.2,5,1,1,2.448,ok,
263170,0.2,6,2,1,59.369,transient|ok,
263170,0.2,7,2,1,5.954,transient|ok,
263170,0.2,8,2,1,35.1,transient|ok,
263170,0.2,9,1,1,3.671,ok,
263170,0.2,10,1,1,3.557,ok,
263170,0.2,11,1,1,3.883,ok,
263170,0.2,12,1,1,3.438,ok,
263170,0.2,13,1,1,3.371,ok,
263170,0.2,14,1,1,3.011,ok,
263170,0.2,15,1,1,2.737,ok,
263170,0.2,16,1,1,2.638,ok,
263170,0.2,17,1,1,2.676,ok,
263170,0.2,18,1,1,2.734,ok,
263170,0.2,19,1,1,2.99,ok,
263170,0.2,20,2,1,6.731,transient|ok,
263170,0.2,21,1,1,3.121,ok,
263170,0.2,22,1,1,3.11,ok,
263170,0.2,23,1,1,2.847,ok,
263170,0.2,24,1,1,2.742,ok,
263170,0.2,25,1,1,2.66,ok,
263170,0.2,26,1,1,2.595,ok,
263170,0.2,27,1,1,2.744,ok,
263170,0.2,28,1,1,2.566,ok,
263170,0.2,29,1,1,2.983,ok,
263170,0.2,30,1,1,2.676,ok,
263170,0.2,31,1,1,2.703,ok,
263170,0.2,32,1,1,2.744,ok,
263170,0.2,33,1,1,2.56,ok,
263170,0.2,34,1,1,2.61,ok,
263170,0.2,35,1,1,2.86,ok,
263170,0.2,36,1,1,2.359,ok,
263170,0.2,37,1,1,2.201,ok,
263170,0.2,38,2,1,39.315,transient|ok,
263170,0.2,39,1,1,3.555,ok,
263170,0.2,40,1,1,3.895,ok,
263170,0.2,41,1,1,3.504,ok,
263170,0.2,42,1,1,2.911,ok,
263170,0.2,43,1,1,3.074,ok,
263170,0.2,44,1,1,2.979,ok,
263170,0.2,45,1,1,2.78,ok,
263170,0.2,46,1,1,2.678,ok,
263170,0.2,47,1,1,2.725,ok,
263170,0.2,48,1,1,2.642,ok,
263170,0.2,49,1,1,2.506,ok,
263170,0.2,50,1,1,2.527,ok,
263170,0.5,1,2,1,57.459,transient|ok,
263170,0.5,2,3,1,64.485,transient|transient|ok,
263170,0.5,3,2,1,7.052,transient|ok,
263170,0.5,4,2,1,39.917,transient|ok,
263170,0.5,5,2,1,20.007,transient|ok,
263170,0.5,6,1,1,3.825,ok,
263170,0.5,7,2,1,55.827,transient|ok,
263170,0.5,8,2,1,37.834,transient|ok,
263170,0.5,9,1,1,3.399,ok,
263170,0.5,10,2,1,14.434,transient|ok,
263170,0.5,11,3,1,37.058,transient|transient|ok,
263170,0.5,12,3,0,62.101,transient|transient|transient,"failed after 3 attempts: injected failure (rate=50%, draw #25)"
263170,0.5,13,2,1,20.39,transient|ok,
263170,0.5,14,1,1,2.896,ok,
263170,0.5,15,2,1,17.235,transient|ok,
263170,0.5,16,1,1,2.528,ok,
263170,0.5,17,1,1,5.658,ok,
263170,0.5,18,1,1,3.047,ok,
263170,0.5,19,1,1,2.658,ok,
263170,0.5,20,2,1,33.052,transient|ok,
263170,0.5,21,1,1,3.565,ok,
263170,0.5,22,2,1,28.154,transient|ok,
263170,0.5,23,1,1,3.457,ok,
263170,0.5,24,1,1,3.381,ok,
263170,0.5,25,2,1,9.236,transient|ok,
263170,0.5,26,2,1,57.526,transient|ok,
263170,0.5,27,2,1,29.425,transient|ok,
263170,0.5,28,1,1,2.819,ok,
263170,0.5,29,1,1,2.799,ok,
263170,0.5,30,1,1,2.717,ok,
263170,0.5,31,1,1,2.753,ok,
263170,0.5,32,1,1,2.759,ok,
263170,0.5,33,1,1,2.907,ok,
263170,0.5,34,1,1,2.683,ok,
263170,0.5,35,1,1,2.702,ok,
263170,0.5,36,1,1,2.74,ok,
263170,0.5,37,3,1,108.514,transient|transient|ok,
263170,0.5,38,3,1,93.583,transient|transient|ok,
263170,0.5,39,2,1,54.547,transient|ok,
263170,0.5,40,3,1,118.986,transient|transient|ok,
263170,0.5,41,2,1,48.87,transient|ok,
263170,0.5,42,2,1,54.996,transient|ok,
263170,0.5,43,3,1,75.593,transient|transient|ok,
263170,0.5,44,2,1,57.219,transient|ok,
263170,0.5,45,3,0,45.772,transient|transient|transient,"failed after 3 attempts: injected failure (rate=50%, draw #79)"
263170,0.5,46,3,0,55.723,transient|transient|transient,"failed after 3 attempts: injected failure (rate=50%, draw #82)"
263170,0.5,47,1,1,5.881,ok,
263170,0.5,48,3,1,108.938,transient|transient|ok,
263170,0.5,49,1,1,3.367,ok,
263170,0.5,50,3,1,125.042,transient|transient|ok,
