experiment,case_id,run_index,turn_ceiling,outcome,valid,succeeded,schema_retries,planner_attempts,turn_count,hit_ceiling,latency_ms,tags,summary,error
schema,schema_input,0,8,valid_first_attempt,True,True,0,3,7,False,65301,Bus Service Failure | Transit Communication Issues | Waiting Time Exceeded,"Line 22 bus delay caused long wait without updates, leading to rider frustration.",
schema,schema_input,1,8,valid_first_attempt,True,True,0,3,7,False,63689,Bus Service Failure | Transit Communication Issues | Waiting Time Exceeded,"Line 22 bus delay caused long wait without updates, leading to rider frustration.",
schema,schema_input,2,8,valid_first_attempt,True,True,0,3,7,False,61761,Bus Service Failure | Transit Communication Issues | Waiting Time Exceeded,"Line 22 bus delay caused long wait without updates, leading to rider frustration.",
schema,schema_input,3,8,valid_first_attempt,True,True,0,3,7,False,61040,Bus Service Failure | Transit Communication Issues | Waiting Time Exceeded,"Line 22 bus delay caused long wait without updates, leading to rider frustration.",
schema,schema_input,4,8,valid_first_attempt,True,True,0,3,7,False,60575,Bus Service Failure | Transit Communication Issues | Waiting Time Exceeded,"Line 22 bus delay caused long wait without updates, leading to rider frustration.",
schema,schema_input,5,8,valid_first_attempt,True,True,0,3,7,False,61880,Bus Service Failure | Transit Communication Issues | Waiting Time Exceeded,"Line 22 bus delay caused long wait without updates, leading to rider frustration.",
schema,schema_input,6,8,valid_first_attempt,True,True,0,3,7,False,61432,Bus Service Failure | Transit Communication Issues | Waiting Time Exceeded,"Line 22 bus delay caused long wait without updates, leading to rider frustration.",
schema,schema_input,7,8,valid_first_attempt,True,True,0,3,7,False,60876,Bus Service Failure | Transit Communication Issues | Waiting Time Exceeded,"Line 22 bus delay caused long wait without updates, leading to rider frustration.",
schema,schema_input,8,8,valid_first_attempt,True,True,0,3,7,False,62100,Bus Service Failure | Transit Communication Issues | Waiting Time Exceeded,"Line 22 bus delay caused long wait without updates, leading to rider frustration.",
schema,schema_input,9,8,valid_first_attempt,True,True,0,3,7,False,61591,Bus Service Failure | Transit Communication Issues | Waiting Time Exceeded,"Line 22 bus delay caused long wait without updates, leading to rider frustration.",
schema,schema_input,10,8,valid_first_attempt,True,True,0,3,7,False,60643,Bus Service Failure | Transit Communication Issues | Waiting Time Exceeded,"Line 22 bus delay caused long wait without updates, leading to rider frustration.",
schema,schema_input,11,8,valid_first_attempt,True,True,0,3,7,False,62870,Bus Service Failure | Transit Communication Issues | Waiting Time Exceeded,"Line 22 bus delay caused long wait without updates, leading to rider frustration.",
schema,schema_input,12,8,valid_first_attempt,True,True,0,3,7,False,63530,Bus Service Failure | Transit Communication Issues | Waiting Time Exceeded,"Line 22 bus delay caused long wait without updates, leading to rider frustration.",
schema,schema_input,13,8,valid_first_attempt,True,True,0,3,7,False,62119,Bus Service Failure | Transit Communication Issues | Waiting Time Exceeded,"Line 22 bus delay caused long wait without updates, leading to rider frustration.",
schema,schema_input,14,8,valid_first_attempt,True,True,0,3,7,False,62070,Bus Service Failure | Transit Communication Issues | Waiting Time Exceeded,"Line 22 bus delay caused long wait without updates, leading to rider frustration.",
schema,schema_input,15,8,valid_first_attempt,True,True,0,3,7,False,62061,Bus Service Failure | Transit Communication Issues | Waiting Time Exceeded,"Line 22 bus delay caused long wait without updates, leading to rider frustration.",
schema,schema_input,16,8,valid_first_attempt,True,True,0,3,7,False,62391,Bus Service Failure | Transit Communication Issues | Waiting Time Exceeded,"Line 22 bus delay caused long wait without updates, leading to rider frustration.",
schema,schema_input,17,8,valid_first_attempt,True,True,0,3,7,False,62525,Bus Service Failure | Transit Communication Issues | Waiting Time Exceeded,"Line 22 bus delay caused long wait without updates, leading to rider frustration.",
schema,schema_input,18,8,valid_first_attempt,True,True,0,3,7,False,62692,Bus Service Failure | Transit Communication Issues | Waiting Time Exceeded,"Line 22 bus delay caused long wait without updates, leading to rider frustration.",
schema,schema_input,19,8,valid_first_attempt,True,True,0,3,7,False,62038,Bus Service Failure | Transit Communication Issues | Waiting Time Exceeded,"Line 22 bus delay caused long wait without updates, leading to rider frustration.",
schema,schema_input,20,8,valid_first_attempt,True,True,0,3,7,False,61480,Bus Service Failure | Transit Communication Issues | Waiting Time Exceeded,"Line 22 bus delay caused long wait without updates, leading to rider frustration.",
schema,schema_input,21,8,valid_first_attempt,True,True,0,3,7,False,62778,Bus Service Failure | Transit Communication Issues | Waiting Time Exceeded,"Line 22 bus delay caused long wait without updates, leading to rider frustration.",
schema,schema_input,22,8,valid_first_attempt,True,True,0,3,7,False,62933,Bus Service Failure | Transit Communication Issues | Waiting Time Exceeded,"Line 22 bus delay caused long wait without updates, leading to rider frustration.",
schema,schema_input,23,8,valid_first_attempt,True,True,0,3,7,False,62315,Bus Service Failure | Transit Communication Issues | Waiting Time Exceeded,"Line 22 bus delay caused long wait without updates, leading to rider frustration.",
schema,schema_input,24,8,valid_first_attempt,True,True,0,3,7,False,62295,Bus Service Failure | Transit Communication Issues | Waiting Time Exceeded,"Line 22 bus delay caused long wait without updates, leading to rider frustration.",
schema,schema_input,25,8,valid_first_attempt,True,True,0,3,7,False,62394,Bus Service Failure | Transit Communication Issues | Waiting Time Exceeded,"Line 22 bus delay caused long wait without updates, leading to rider frustration.",
schema,schema_input,26,8,valid_first_attempt,True,True,0,3,7,False,62882,Bus Service Failure | Transit Communication Issues | Waiting Time Exceeded,"Line 22 bus delay caused long wait without updates, leading to rider frustration.",
schema,schema_input,27,8,valid_first_attempt,True,True,0,3,7,False,62668,Bus Service Failure | Transit Communication Issues | Waiting Time Exceeded,"Line 22 bus delay caused long wait without updates, leading to rider frustration.",
schema,schema_input,28,8,valid_first_attempt,True,True,0,3,7,False,62665,Bus Service Failure | Transit Communication Issues | Waiting Time Exceeded,"Line 22 bus delay caused long wait without updates, leading to rider frustration.",
schema,schema_input,29,8,valid_first_attempt,True,True,0,3,7,False,62215,Bus Service Failure | Transit Communication Issues | Waiting Time Exceeded,"Line 22 bus delay caused long wait without updates, leading to rider frustration.",
ceiling,schema_input,0,2,valid_first_attempt,True,False,0,1,2,True,9831,Bus Delay | Transit Center | Service Failure,"A Line 22 bus was delayed, causing riders to wait forty minutes without updates.",
ceiling,schema_input,1,2,valid_first_attempt,True,False,0,1,2,True,8826,Bus Delay | Transit Center | Service Failure,A Line 22 bus delay caused significant inconvenience for riders at Downtown Transit Center.,
ceiling,schema_input,2,2,valid_first_attempt,True,False,0,1,2,True,8971,Bus Delay | Transit Center | Service Failure,A Line 22 bus delay caused significant inconvenience for riders at Downtown Transit Center.,
ceiling,schema_input,3,2,valid_first_attempt,True,False,0,1,2,True,9121,Bus Delay | Transit Center | Service Failure,A Line 22 bus delay caused significant inconvenience for riders at Downtown Transit Center.,
ceiling,schema_input,4,2,valid_first_attempt,True,False,0,1,2,True,8829,Bus Delay | Transit Center | Service Failure,A Line 22 bus delay caused significant inconvenience for riders at Downtown Transit Center.,
ceiling,schema_input,5,2,valid_first_attempt,True,False,0,1,2,True,8954,Bus Delay | Transit Center | Service Failure,A Line 22 bus delay caused significant inconvenience for riders at Downtown Transit Center.,
ceiling,schema_input,6,2,valid_first_attempt,True,False,0,1,2,True,8882,Bus Delay | Transit Center | Service Failure,A Line 22 bus delay caused significant inconvenience for riders at Downtown Transit Center.,
ceiling,schema_input,7,2,valid_first_attempt,True,False,0,1,2,True,8990,Bus Delay | Transit Center | Service Failure,A Line 22 bus delay caused significant inconvenience for riders at Downtown Transit Center.,
ceiling,schema_input,8,2,valid_first_attempt,True,False,0,1,2,True,8804,Bus Delay | Transit Center | Service Failure,A Line 22 bus delay caused significant inconvenience for riders at Downtown Transit Center.,
ceiling,schema_input,9,2,valid_first_attempt,True,False,0,1,2,True,8991,Bus Delay | Transit Center | Service Failure,A Line 22 bus delay caused significant inconvenience for riders at Downtown Transit Center.,
ceiling,schema_input,10,2,valid_first_attempt,True,False,0,1,2,True,8976,Bus Delay | Transit Center | Service Failure,A Line 22 bus delay caused significant inconvenience for riders at Downtown Transit Center.,
ceiling,schema_input,11,2,valid_first_attempt,True,False,0,1,2,True,9196,Bus Delay | Transit Center | Service Failure,A Line 22 bus delay caused significant inconvenience for riders at Downtown Transit Center.,
ceiling,schema_input,12,2,valid_first_attempt,True,False,0,1,2,True,9070,Bus Delay | Transit Center | Service Failure,A Line 22 bus delay caused significant inconvenience for riders at Downtown Transit Center.,
ceiling,schema_input,13,2,valid_first_attempt,True,False,0,1,2,True,8978,Bus Delay | Transit Center | Service Failure,A Line 22 bus delay caused significant inconvenience for riders at Downtown Transit Center.,
ceiling,schema_input,14,2,valid_first_attempt,True,False,0,1,2,True,9032,Bus Delay | Transit Center | Service Failure,A Line 22 bus delay caused significant inconvenience for riders at Downtown Transit Center.,
ceiling,schema_input,15,2,valid_first_attempt,True,False,0,1,2,True,8942,Bus Delay | Transit Center | Service Failure,A Line 22 bus delay caused significant inconvenience for riders at Downtown Transit Center.,
ceiling,schema_input,16,2,valid_first_attempt,True,False,0,1,2,True,9051,Bus Delay | Transit Center | Service Failure,A Line 22 bus delay caused significant inconvenience for riders at Downtown Transit Center.,
ceiling,schema_input,17,2,valid_first_attempt,True,False,0,1,2,True,8929,Bus Delay | Transit Center | Service Failure,A Line 22 bus delay caused significant inconvenience for riders at Downtown Transit Center.,
ceiling,schema_input,18,2,valid_first_attempt,True,False,0,1,2,True,8939,Bus Delay | Transit Center | Service Failure,A Line 22 bus delay caused significant inconvenience for riders at Downtown Transit Center.,
ceiling,schema_input,19,2,valid_first_attempt,True,False,0,1,2,True,9134,Bus Delay | Transit Center | Service Failure,A Line 22 bus delay caused significant inconvenience for riders at Downtown Transit Center.,
ceiling,schema_input,0,10,valid_first_attempt,True,True,0,3,7,False,62500,Bus Service Failure | Transit Communication Issues | Waiting Time Exceeded,"Line 22 bus delay caused long wait without updates, leading to rider frustration.",
ceiling,schema_input,1,10,valid_first_attempt,True,True,0,3,7,False,63193,Bus Service Failure | Transit Communication Issues | Waiting Time Exceeded,"Line 22 bus delay caused long wait without updates, leading to rider frustration.",
ceiling,schema_input,2,10,valid_first_attempt,True,True,0,3,7,False,62522,Bus Service Failure | Transit Communication Issues | Waiting Time Exceeded,"Line 22 bus delay caused long wait without updates, leading to rider frustration.",
ceiling,schema_input,3,10,valid_first_attempt,True,True,0,3,7,False,60449,Bus Service Failure | Transit Communication Issues | Waiting Time Exceeded,"Line 22 bus delay caused long wait without updates, leading to rider frustration.",
ceiling,schema_input,4,10,valid_first_attempt,True,True,0,3,7,False,61285,Bus Service Failure | Transit Communication Issues | Waiting Time Exceeded,"Line 22 bus delay caused long wait without updates, leading to rider frustration.",
ceiling,schema_input,5,10,valid_first_attempt,True,True,0,3,7,False,61887,Bus Service Failure | Transit Communication Issues | Waiting Time Exceeded,"Line 22 bus delay caused long wait without updates, leading to rider frustration.",
ceiling,schema_input,6,10,valid_first_attempt,True,True,0,3,7,False,60515,Bus Service Failure | Transit Communication Issues | Waiting Time Exceeded,"Line 22 bus delay caused long wait without updates, leading to rider frustration.",
ceiling,schema_input,7,10,valid_first_attempt,True,True,0,3,7,False,61796,Bus Service Failure | Transit Communication Issues | Waiting Time Exceeded,"Line 22 bus delay caused long wait without updates, leading to rider frustration.",
ceiling,schema_input,8,10,valid_first_attempt,True,True,0,3,7,False,61363,Bus Service Failure | Transit Communication Issues | Waiting Time Exceeded,"Line 22 bus delay caused long wait without updates, leading to rider frustration.",
ceiling,schema_input,9,10,valid_first_attempt,True,True,0,3,7,False,60466,Bus Service Failure | Transit Communication Issues | Waiting Time Exceeded,"Line 22 bus delay caused long wait without updates, leading to rider frustration.",
ceiling,schema_input,10,10,valid_first_attempt,True,True,0,3,7,False,61043,Bus Service Failure | Transit Communication Issues | Waiting Time Exceeded,"Line 22 bus delay caused long wait without updates, leading to rider frustration.",
ceiling,schema_input,11,10,valid_first_attempt,True,True,0,3,7,False,60537,Bus Service Failure | Transit Communication Issues | Waiting Time Exceeded,"Line 22 bus delay caused long wait without updates, leading to rider frustration.",
ceiling,schema_input,12,10,valid_first_attempt,True,True,0,3,7,False,60876,Bus Service Failure | Transit Communication Issues | Waiting Time Exceeded,"Line 22 bus delay caused long wait without updates, leading to rider frustration.",
ceiling,schema_input,13,10,valid_first_attempt,True,True,0,3,7,False,60499,Bus Service Failure | Transit Communication Issues | Waiting Time Exceeded,"Line 22 bus delay caused long wait without updates, leading to rider frustration.",
ceiling,schema_input,14,10,valid_first_attempt,True,True,0,3,7,False,60492,Bus Service Failure | Transit Communication Issues | Waiting Time Exceeded,"Line 22 bus delay caused long wait without updates, leading to rider frustration.",
ceiling,schema_input,15,10,valid_first_attempt,True,True,0,3,7,False,61057,Bus Service Failure | Transit Communication Issues | Waiting Time Exceeded,"Line 22 bus delay caused long wait without updates, leading to rider frustration.",
ceiling,schema_input,16,10,valid_first_attempt,True,True,0,3,7,False,61363,Bus Service Failure | Transit Communication Issues | Waiting Time Exceeded,"Line 22 bus delay caused long wait without updates, leading to rider frustration.",
ceiling,schema_input,17,10,valid_first_attempt,True,True,0,3,7,False,60794,Bus Service Failure | Transit Communication Issues | Waiting Time Exceeded,"Line 22 bus delay caused long wait without updates, leading to rider frustration.",
ceiling,schema_input,18,10,valid_first_attempt,True,True,0,3,7,False,60613,Bus Service Failure | Transit Communication Issues | Waiting Time Exceeded,"Line 22 bus delay caused long wait without updates, leading to rider frustration.",
ceiling,schema_input,19,10,valid_first_attempt,True,True,0,3,7,False,60101,Bus Service Failure | Transit Communication Issues | Waiting Time Exceeded,"Line 22 bus delay caused long wait without updates, leading to rider frustration.",
adversarial,adversarial_input,0,10,valid_first_attempt,True,False,0,5,10,True,162970,service disruptions | vendor issues | escalation paths,"Multiple service disruptions, vendor issues, and escalation paths affected specific routes, subsystems, and categories.",
adversarial,adversarial_input,1,10,valid_first_attempt,True,False,0,5,10,True,147042,transit delays | vendor ticket issues | escalation to management,"Multiple transit routes and subsystems experienced delays, vendor ticket issues, and escalation to senior management.",
adversarial,adversarial_input,2,10,valid_first_attempt,True,False,0,5,10,True,145975,transit delays | vendor ticket issues | escalation to management,"Multiple transit routes and subsystems experienced delays, vendor ticket issues, and escalation to senior management.",
adversarial,adversarial_input,3,10,valid_first_attempt,True,False,0,5,10,True,145635,transit delays | vendor ticket issues | escalation to management,"Multiple transit routes and subsystems experienced delays, vendor ticket issues, and escalation to senior management.",
adversarial,adversarial_input,4,10,valid_first_attempt,True,False,0,5,10,True,145295,transit delays | vendor ticket issues | escalation to management,"Multiple transit routes and subsystems experienced delays, vendor ticket issues, and escalation to senior management.",
